"type","city","street","cost","area"
"6er WG","Kaiserslautern Innenstadt","Kerst str.18","380","15"
"4er WG","Kaiserslautern Innenstadt","Schmied str 1.a","380","20"
"3er WG","Kaiserslautern Innenstadt","Rudolf-Breitscheid-Str. 74","350","15"
"1-Zimmer-Wohnung","Kaiserslautern Innenstadt","Ziegelstraße. 59","290","18"
"4er WG","Kaiserslautern Innenstadt","Richard-Wagner-Straße","205","18"
"3er WG","Kaiserslautern Innenstadt","Rosenstrasse 57","330","14"
"3er WG","Kaiserslautern Innenstadt","Friedrichstraße","330","20"
"4er WG","Kaiserslautern Innenstadt","Bremerstraße","425","18"
"4er WG","Kaiserslautern Innenstadt","Trippstadter Straße, 25","315","23"
"1-Zimmer-Wohnung","Kaiserslautern Innenstadt","Kleestr. 7","475","43"
"3er WG","Kaiserslautern Innenstadt","Fruchthallstraße","300","20"
"1-Zimmer-Wohnung","Kaiserslautern Innenstadt","Kurt-Schumacher-Straße, 32","410","33"
"1-Zimmer-Wohnung","Kaiserslautern Kaiserslautern","Bismarckstrasse 4","380","23"
"1-Zimmer-Wohnung","Kaiserslautern Hohenecken","Im Grundbirngarten22","550","20"
"4er WG","Kaiserslautern Imsweiler - 25 km nördlic...","Raiffeisenstr.","320","23"
"4er WG","Kaiserslautern Imsweiler - 25 km nördlic...","Raiffeisenstraße","300","20"
"1-Zimmer-Wohnung","Kaiserslautern Innenstadt","Ziegelstr.59","370","21"
"3er WG","Kaiserslautern Innenstadt","Lauterstraße 12","345","23"
"4er WG","Kaiserslautern Kaiserslautern","Kurt-Schumacher-Straße, 8...","260","200"
"3er WG","Kaiserslautern Innenstadt","St.-Marien-Platz 5","190","18"
"3er WG","Kaiserslautern Innenstadt","St.-Marien-Platz 5","170","12"
"4er WG","Kaiserslautern Innenstadt","Logenstraße 18a","295","21"
"3er WG","Kaiserslautern Innenstadt","Burgstraße, 15","270","21"
"4er WG","Kaiserslautern Innenstadt","Eisenbahnstr. 60","410","23"
"5er WG","Kaiserslautern Innenstadt","Kanalstraße 27","500","24"
"5er WG","Kaiserslautern Innenstadt","Kanalstraße 27","460","18"
"1-Zimmer-Wohnung","Kaiserslautern Innenstadt","Tripsstadter strasse, 115","449","24"
"4er WG","Kaiserslautern Innenstadt","Lutrinastr. 23","320","25"
"1-Zimmer-Wohnung","Kaiserslautern Innenstadt","Alex-Müller-Straße","268","16"
"9er WG","Kaiserslautern Innenstadt","Gabelsbergerstr. 9","300","21"
"3er WG","Kaiserslautern Innenstadt","Karl-Marx-Str. 17","325","18"
"6er WG","Kaiserslautern Innenstadt","Gersweilerweg 7","480","34"
"1-Zimmer-Wohnung","Kaiserslautern Innenstadt","Bleichstr., 84","235","22"
"3er WG","Kaiserslautern Innenstadt","Villenstr 12","261","13"
"3er WG","Kaiserslautern am Stadtpark","Rudolf-Breitscheid-Str. 55","300","20"
"3er WG","Kaiserslautern Innenstadt","Apfelstr 6","356","19"
"1-Zimmer-Wohnung","Kaiserslautern Innenstadt","Stärkstr. 5","275","18"
"5er WG","Kaiserslautern Innenstadt","Im Dunkeltälchen 81","320","20"
"1-Zimmer-Wohnung","Kaiserslautern Innenstadt","Breslauerstr 27","395","25"
"4er WG","Kaiserslautern Erlenbach","am steinhübel 11","400","20"
"4er WG","Kaiserslautern Innenstadt","Karl-Pfaff-Siedlung 47","15","10"
"3er WG","Kaiserslautern Innenstadt","Turnerstraße 2","370","18"
"1-Zimmer-Wohnung","Kaiserslautern Innenstadt","Kurt-Schumacher-Straße,64","350","24"
"3er WG","Kaiserslautern UNIWOHNSTADT","Konrad-Adenauer-Straße 57","250","17"
"3er WG","Kaiserslautern Innenstadt","Lämmchesbergstraße 22","230","16"
"2er WG","Kaiserslautern Innenstadt","Richard-Wagner-Straße 88","260","14"
"4er WG","Kaiserslautern Lämmchesberg","Pfaffenbergstraße 31","295","15"
"3er WG","Kaiserslautern Innenstadt","Trippstadter Straße 61","295","11"
"2er WG","Kaiserslautern Kaiserslautern","Allestraße","250","10"
"4er WG","Kaiserslautern Innenstadt","Fackelstraße, No 29 6º OG...","265","20"
"1-Zimmer-Wohnung","Kaiserslautern Innenstadt","Von-der-Goltz-Straße 2","380","40"
"3er WG","Kaiserslautern Uni-Wohngebiet","Davenportplatz","380","15"
"3er WG","Kaiserslautern Innenstadt","Raiffeisenstraße","260","12"
"3er WG","Kaiserslautern Innenstadt","Mühlstr","700","11"
"6er WG","Kaiserslautern Innenstadt","hasesnstr. 65","280","23"
"5er WG","Kaiserslautern innenstadt","Rudolf-Breitscheid-straße 31","180","10"
"1-Zimmer-Wohnung","Kaiserslautern Uni-Wohngebiet","Kurt-Schumacher-Str. 34","285","22"
"1-Zimmer-Wohnung","Kaiserslautern Innenstadt","Alex-Müller-Str. 99","370","24"
"4er WG","Kaiserslautern Innenstadt","Gersweilerweg 27","240","10"
"2er WG","Kaiserslautern Innenstadt","Kanalstraße 72","400","18"
"5er WG","Kaiserslautern Innenstadt","Logenstr","390","20"
"1-Zimmer-Wohnung","Kaiserslautern Innenstadt","Reh Strasse 2a","300","22"
"6er WG","Kaiserslautern Innenstadt","Friedrich-Engels-Straße 5","295","13"
"4er WG","Kaiserslautern Innenstadt","Fruchthallstraße 19","385","18"
"5er WG","Kaiserslautern Otterbach","Lauterstraße 20","250","15"
"3er WG","Kaiserslautern Innenstadt","Rudolf-Breitscheid 2a","225","14"
"1-Zimmer-Wohnung","Kaiserslautern Innenstadt","Kohlenhofstraße 2","400","36"
"4er WG","Kaiserslautern Innenstadt","Blücherstraße 18","344","15"
"3er WG","Kaiserslautern kaiserslautern","Richard wagner straße 30","320","20"
"3er WG","Kaiserslautern Innenstadt","Fruchthallstr.23","330","20"
"4er WG","Kaiserslautern Innenstadt","Mannheimer Straße 11","930","18"
"1-Zimmer-Wohnung","Kaiserslautern Innenstadt KL-Nord","Alex-Müller Str. 97","340","29"
"1-Zimmer-Wohnung","Kaiserslautern Innenstadt","Wilhelm-Raabe-Strasse 26","400","22"
"2er WG","Kaiserslautern Innenstadt","Gehard-Hauptmann 16 b","283","12"
"3er WG","Kaiserslautern Innenstadt","Rudolf-Breitscheid-Straße 2a","250","15"
"1-Zimmer-Wohnung","Kaiserslautern Innenstadt","Eisenbahnstr. 53","365","26"
"3er WG","Kaiserslautern Innenstadt","Papiermühlstraße, 14","280","12"
"1-Zimmer-Wohnung","Kaiserslautern Innenstadt","Trippstadter Straße 115","455","18"
"1-Zimmer-Wohnung","Kaiserslautern Betzenberg","Cusanussstraße 26","275","29"
"1-Zimmer-Wohnung","Kaiserslautern Uni-Wohnstadt","Kurt-Schumacher-Straße","30","30"
"1-Zimmer-Wohnung","Kaiserslautern Innenstadt","Haspelst.","21","21"
"3er WG","Kaiserslautern beim Stadtpark","Medicusstraße","20","20"
"1-Zimmer-Wohnung","Kaiserslautern Innenstadt","Eisenbahnstrasse","34","34"
"1-Zimmer-Wohnung","Kaiserslautern Uni Wohngebiet","Carl-Euler-Straße","30","30"
"1-Zimmer-Wohnung","Kaiserslautern Uni Wohngebiet","Kurt-Schumacher-Straße, ,","28","28"
"5er WG","Kaiserslautern Innenstadt","Benzinoring","20","20"
"4er WG","Kaiserslautern Innenstadt","Blücherstraße","15","15"
"4er WG","Kaiserslautern Innenstadt","Fruchthallstraße","25","25"
"4er WG","Kaiserslautern Innenstadt","Pirmasenser Straße","15","15"
"1-Zimmer-Wohnung","Kaiserslautern Uni-Wohnstadt","Kurt-Schumacher Str.","22","22"
"4er WG","Kaiserslautern Innenstadt","Karcherstraße","16","16"
"4er WG","Kaiserslautern Innenstadt","Malzstr","17","17"
"3er WG","Kaiserslautern Innenstadt","Rudolf-Breitscheid-Straße","15","15"
"5er WG","Kaiserslautern Innenstadt","Rudolf-Breitscheid-Straße","12","12"
"3er WG","Kaiserslautern Innenstadt","Werderstraße","12","12"
"2er WG","Kaiserslautern Kaiserslautern Innenstadt","Wackenmühlstraße","14","14"
"3er WG","Kaiserslautern Innenstadt","Richard-Wagner-Straße","20","20"
"4er WG","Kaiserslautern Innenstadt","Schmied str.","12","12"
"4er WG","Kaiserslautern Innenstadt","Gersweilerweg","20","20"
"5er WG","Kaiserslautern Innenstadt","Königstr.","17","17"
"3er WG","Kaiserslautern Innenstadt","Apfelstr.","19","19"
"3er WG","Kaiserslautern Innenstadt","Apfelstr.","19","19"
"5er WG","Kaiserslautern Innenstadt","Mainzer Straße","19","19"
"1-Zimmer-Wohnung","Kaiserslautern Uniwohngebiet","Theodor- Heuss- Str","27","27"
"3er WG","Kaiserslautern Zentral Kaiserslautern","Blumenstraße","12","12"
"1-Zimmer-Wohnung","Kaiserslautern Kaiserslautern","Wackenmühlstr","22","22"
"3er WG","Kaiserslautern Innenstadt","Schumannstraße","20","20"
"3er WG","Kaiserslautern Innenstadt","Schumannstraße","13","13"
"2er WG","Kaiserslautern Innerstadt","Bierstr.","42","42"
"5er WG","Kaiserslautern Innenstadt","Humboldtstraße","20","20"
"1-Zimmer-Wohnung","Kaiserslautern Innenstadt","Eisenbahnstr.","35","35"
"3er WG","Kaiserslautern Innenstadt","Ziegelstr.","14","14"
"1-Zimmer-Wohnung","Kaiserslautern Innenstadt","Gerhart Hauptmann Str.","20","20"
"2er WG","Kaiserslautern Kotten","Sedanstrasse","15","15"
"3er WG","Kaiserslautern Innenstadt","Pfaffenbergstrasse","20","20"
"1-Zimmer-Wohnung","Kaiserslautern Uni-Wohngebiet","Kurt-Schumacher-Str.","25","25"
"2er WG","Kaiserslautern Innenstadt","Gaustrasse","13","13"
"1-Zimmer-Wohnung","Kaiserslautern Kaiserslautern Ost","Friedenstraße","21","21"
"6er WG","Kaiserslautern Innenstadt","Kerst str.","15","15"
"9er WG","Kaiserslautern Innenstadt","Glockenstraße","18","18"
"3er WG","Kaiserslautern Innenstadt","Raiffeisenstraße","12","12"
"1-Zimmer-Wohnung","Kaiserslautern Uniwohngebiet","Kurt-Schumacher","24","24"
"3er WG","Kaiserslautern Innenstadt","Kohlenhofstrasse","20","20"
"4er WG","Kaiserslautern Innenstadt","Lutrinastr.","25","25"
"2er WG","Kaiserslautern Uni-Wohngebiet","Konrad-Adenauer-Str","10","10"
"3er WG","Kaiserslautern Innenstadt","Friedrichstraße","18","18"
"3er WG","Kaiserslautern Innenstadt","Medicusstraße","16","16"
"3er WG","Kaiserslautern Innenstadt","Richard-Wagner-Str.","16","16"
"4er WG","Kaiserslautern Innenstadt","Schmied str.","20","20"
"4er WG","Kaiserslautern Innenstadt","Kurtschumacher Straße","16","16"
"3er WG","Kaiserslautern Innenstadt","Blumenstr.","11","11"
"1-Zimmer-Wohnung","Kaiserslautern Innenstadt","Bremerstraße","38","38"
"3er WG","Kaiserslautern Innenstadt","Karl-marx-str.","15","15"
"5er WG","Kaiserslautern Innenstadt","Königstr","16","16"
"5er WG","Kaiserslautern Innenstadt","Richard-Wagner-Straße","15","15"
"5er WG","Kaiserslautern Innenstadt","Königstr.","14","14"
"2er WG","Kaiserslautern Kaiserslautern","Konrad Adenauer Strasse,","17","17"
"3er WG","Kaiserslautern Innenstadt","Moltkestraße","20","20"
"3er WG","Kaiserslautern Innenstadt","Richard-Wagner-Straße","20","20"
"2er WG","Kaiserslautern Innenstadt","Bierstrasse","16","16"
"4er WG","Kaiserslautern Innenstadt","Ohlkasterhohl","18","18"
"5er WG","Kaiserslautern Innenstadt","Pariser Straße","10","10"
"4er WG","Kaiserslautern Innenstadt","Richard-Wagner-Straße","22","22"
"1-Zimmer-Wohnung","Kaiserslautern Uni-Wohnstadt","Kurt-Schumacher-Straße","21","21"
"3er WG","Kaiserslautern Innenstadt","Fackelstraße","18","18"
"3er WG","Kaiserslautern Innenstadt","Häfnerstr.","17","17"
"1-Zimmer-Wohnung","Kaiserslautern Uniwohngebiet","Kurt-Schumacher Straße","21","21"
"2er WG","Kaiserslautern KL Innenstadt Ost","Bienenstr.","28","28"
"3er WG","Kaiserslautern Innenstadt","Burgstraße,","17","17"
"1-Zimmer-Wohnung","Kaiserslautern Erlenbach","Ochsenberg","38","38"
"3er WG","Kaiserslautern Innenstadt","Apfelstr.","17","17"
"3er WG","Kaiserslautern Koten","Spitalstraße","22","22"
"3er WG","Kaiserslautern Kotten","Spitalstraße","14","14"
"2er WG","Kaiserslautern Innenstadt","Eisenbahnstraße","18","18"
"3er WG","Kaiserslautern Innenstadt","Fackelstraße,","22","22"
"4er WG","Kaiserslautern Innenstadt","Pollichstr","14","14"
"3er WG","Kaiserslautern Innenstadt","Kerststraße","18","18"
"4er WG","Kaiserslautern Innenstadt","Pollichstrasse","22","22"
"4er WG","Kaiserslautern Innenstadt","Rudolf-Breitscheid-Str.","15","15"
"1-Zimmer-Wohnung","Kaiserslautern Lämmchesberg","Buchenlochstraße a","23","23"
"3er WG","Kaiserslautern Innenstadt","Richard-Wagner-Straße","14","14"
"2er WG","Kaiserslautern Innenstadt","Richard-Wagner-Straße","14","14"
"4er WG","Kaiserslautern Innenstadt","Rudolf-Breitscheid-Str.","16","16"
"3er WG","Kaiserslautern Innenstadt","Eisenbahnstr","15","15"
"2er WG","Kaiserslautern Innenstadt","Wollstraße","22","22"
"1-Zimmer-Wohnung","Kaiserslautern Kaiserberg/Sonnenberg","Hussongstraße","25","25"
"3er WG","Kaiserslautern Innenstadt","Altenwoogstraße","14","14"
"1-Zimmer-Wohnung","Kaiserslautern Innenstadt","Balbierstr. Gerhard-Haupt...","22","22"
"3er WG","Kaiserslautern Innenstadt","Raiffeisenstraße","12","12"
"5er WG","Kaiserslautern Schopp","Hauptstrasse","14","14"
"2er WG","Kaiserslautern Innenstadt","Donnersbergerstrasse","14","14"
"2er WG","Kaiserslautern Innenstadt","Papiermühlestrasse","20","20"
"1-Zimmer-Wohnung","Kaiserslautern Innenstadt","Lutrinastraße","40","40"
"3er WG","Kaiserslautern Innenstadt","Fruchhallstraße,","29","29"
"3er WG","Kaiserslautern Kaiserslautern","Pariser Straße,","24","24"
"2er WG","Kaiserslautern Innenstadt","Moltkestraße","23","23"
"3er WG","Kaiserslautern Innenstadt","Richard-Wagner-Str.","20","20"
"3er WG","Kaiserslautern Innenstadt","Eisenbahnstr","16","16"
"4er WG","Kaiserslautern Innenstadt","Marie.Juchacz-Straße","14","14"
"2er WG","Kaiserslautern Innenstadt","Burgstraße","19","19"
"4er WG","Kaiserslautern Innenstadt","Rudolf-Breitscheid-Str.","14","14"
"3er WG","Kaiserslautern Innenstadt","Blücherstraße","18","18"
"1-Zimmer-Wohnung","Kaiserslautern Innenstadt","Bremer Str.","25","25"
"3er WG","Kaiserslautern Innenstadt","Burgstraße","24","24"
"5er WG","Kaiserslautern Innenstadt","Karl-Marx-Str.","24","24"
"2er WG","Kaiserslautern Innenstadt","Ziegelstraße,","12","12"
"3er WG","Kaiserslautern Innenstadt","Raiffeisenstraße","15","15"
"2er WG","Kaiserslautern Uni-Wohngebit","Kurt-Schumacher-Straße","15","15"
"1-Zimmer-Wohnung","Kaiserslautern Innenstadt","Danzigerstr.","30","30"
"2er WG","Kaiserslautern Kaiserslautern","Forellenstraße","12","12"
"3er WG","Kaiserslautern Kaiserslautern","Zollamtstraße","11","11"
"3er WG","Kaiserslautern Kaiserslautern","Beethovenstraße","14","14"
"3er WG","Kaiserslautern Innenstadt","Fruchthallstr.","20","20"
"1-Zimmer-Wohnung","Kaiserslautern Innenstadt","Gersweilerweg","21","21"
"3er WG","Kaiserslautern Innenstadt","Richard-Wagner-Straße","20","20"
"1-Zimmer-Wohnung","Kaiserslautern Innenstadt","Bremer Str.","25","25"
"1-Zimmer-Wohnung","Kaiserslautern Innenstadt","Bremer str.","25","25"
"1-Zimmer-Wohnung","Kaiserslautern Dansenberg","Schlehweg","25","25"
"1-Zimmer-Wohnung","Kaiserslautern Innenstadt","Flurstr","45","45"
"3er WG","Kaiserslautern Innenstadt","Schneiderstraße","16","16"
"3er WG","Kaiserslautern Innenstadt","Hochsandstraße","14","14"
"2er WG","Kaiserslautern Kaiserslautern","Forellenstraße","12","12"
"4er WG","Kaiserslautern Innenstadt","Kerststr","26","26"
"4er WG","Kaiserslautern Innenstadt","Kerststr","12","12"
"3er WG","Kaiserslautern Innenstadt","Feuerbachstraße","12","12"
"3er WG","Kaiserslautern Innenstadt","Mühlstraße","13","13"
"5er WG","Kaiserslautern Innenstadt","Lauterstraße","12","12"
"3er WG","Kaiserslautern Innenstadt","Balbierstraße","17","17"
"4er WG","Kaiserslautern Innenstadt","Hummelstraße","12","12"
"5er WG","Kaiserslautern Schopp","Hauptstraße","22","22"
"5er WG","Kaiserslautern Schopp","Hauptstraße","19","19"
"3er WG","Kaiserslautern Innenstadt","Fruchthallstraße","29","29"
"3er WG","Kaiserslautern Innenstadt","Eisenbahnstraße","18","18"
"10er WG","Kaiserslautern Innenstadt","Richard-Wagner-Str.","21","21"
"1-Zimmer-Wohnung","Kaiserslautern Innenstadt","Richard-Wagner Strasse","28","28"
"5er WG","Kaiserslautern Innenstadt","Benzinoring","15","15"
"3er WG","Kaiserslautern Innenstadt","Balbierstraße","17","17"
"2er WG","Kaiserslautern Innenstadt","Am Gottesacker","13","13"
"4er WG","Kaiserslautern Innenstadt","Hackstraße","17","17"
"1-Zimmer-Wohnung","Kaiserslautern Gersweilerhof","Ochsenberg","38","38"
"8er WG","Kaiserslautern Innenstadt","Steinstr.","12","12"
"3er WG","Kaiserslautern Innenstadt","Pirmasenserstr.","25","25"
"4er WG","Kaiserslautern Innenstadt","Marktstraße","21","21"
"4er WG","Kaiserslautern Betzenberg","Rousseaustraße","12","12"
"6er WG","Kaiserslautern Stadtmitte","Gersweilerweg Pavillon","24","24"
"1-Zimmer-Wohnung","Kaiserslautern Innenstadt","Kurt-Schumacherstraße","28","28"
"1-Zimmer-Wohnung","Kaiserslautern Innenstadt","Ludwigstrasse","22","22"
"3er WG","Kaiserslautern Innenstadt","Beethovenstraße","22","22"
"4er WG","Kaiserslautern Innenstadt","Richard-Wagner-Straße","11","11"
"4er WG","Kaiserslautern Innenstadt","Richard-Wagner-Straße","15","15"
"4er WG","Kaiserslautern Innenstadt","Karcherstraße","12","12"
"3er WG","Kaiserslautern Innenstadt","Steinstraße","22","22"
"2er WG","Kaiserslautern Innenstadt","Moltkestraße","17","17"
"4er WG","Kaiserslautern Innenstadt","Schillerplatz","15","15"
"3er WG","Kaiserslautern Uni-Wohnstadt","Am Harzhübel","18","18"
"5er WG","Kaiserslautern Innenstadt","Benzinoring","17","17"
"4er WG","Kaiserslautern Innenstadt","Parkstraße","12","12"
"4er WG","Kaiserslautern Innenstadt","Hummelstraße","17","17"
"4er WG","Kaiserslautern Innenstadt","Richard-Wagner-S.","15","15"
"4er WG","Kaiserslautern Innenstadt","Marktstraße,","24","24"
"3er WG","Kaiserslautern Innenstadt","Marie-Juchacz-Str.","14","14"
"1-Zimmer-Wohnung","Kaiserslautern Innenstadt","Gerhart Hauptmann Str.","20","20"
"3er WG","Kaiserslautern Innenstadt","Beethovenstraße","12","12"
"4er WG","Kaiserslautern Thaleischweiler-Fröschen","Fröschenerstraße","16","16"
"1-Zimmer-Wohnung","Kaiserslautern Kaiserslautern","Buchenlochstraße","23","23"
"4er WG","Kaiserslautern Innenstadt","Mühlstraße","16","16"
"3er WG","Kaiserslautern Innenstadt","Apfelstr.","12","12"
"3er WG","Kaiserslautern Innenstadt","Liederstraße","25","25"
"3er WG","Kaiserslautern Innenstadt","Trippstadter Straße","13","13"
"3er WG","Kaiserslautern Innenstadt","Buchfinkstr.","16","16"
"3er WG","Kaiserslautern Innenstadt","Ottostraße","35","35"
"3er WG","Kaiserslautern Innenstadt","Hochsandstraße,","16","16"
"3er WG","Kaiserslautern Innenstadt","Papiermühlstraße","15","15"
"1-Zimmer-Wohnung","Kaiserslautern Uni-Wohnstadt","Kurt Schumacher Str.","30","30"
"3er WG","Kaiserslautern Kaiserslautern","Gersweilerweg,","19","19"
"1-Zimmer-Wohnung","Kaiserslautern Kaiserslautern","Wackenmühlstraße ,","35","35"
"2er WG","Kaiserslautern Innenstadt","Zentrum","13","13"
"1-Zimmer-Wohnung","Kaiserslautern Innenstadt","Bremerstraße","25","25"
"1-Zimmer-Wohnung","Kaiserslautern Uni-Nähe","Gerhart-Hauptmannstr","24","24"
"2er WG","Kaiserslautern Innenstadt","Kapelleweg","20","20"
"5er WG","Kaiserslautern Kaiserslautern","Ziegelstraße","18","18"
"4er WG","Kaiserslautern Innenstadt","Salzstraße","19","19"
"3er WG","Kaiserslautern Innenstadt","Richard-Wagner-Straße","16","16"
"2er WG","Kaiserslautern Innenstadt","Eisenbahnstr.","14","14"
"3er WG","Kaiserslautern Innenstadt","Beethovenstraße","15","15"
"3er WG","Kaiserslautern Innenstadt","Feuerbachstraße","12","12"
"1-Zimmer-Wohnung","Kaiserslautern Innenstadt","Bremer Str.","25","25"
"3er WG","Kaiserslautern Innenstadt","Eisenbahnstr","20","20"
"3er WG","Kaiserslautern Innenstadt","Pirmasenserstraße","13","13"
"3er WG","Kaiserslautern Innenstadt","Albrechtstraße","16","16"
"3er WG","Kaiserslautern Innenstadt","Moltkestraße","16","16"
"3er WG","Kaiserslautern Innenstadt","Mühlstraße","14","14"
"3er WG","Kaiserslautern Innenstadt","Königstraße","12","12"
"1-Zimmer-Wohnung","Kaiserslautern Innenstadt","Rich - Wagnerstr.","20","20"
"3er WG","Kaiserslautern Innenstadt","Steinstraße","18","18"
"5er WG","Kaiserslautern Kotten","Stärkstraße","15","15"
"1-Zimmer-Wohnung","Kaiserslautern Innenstadt","Gerhart-Hauptmann-Straße","20","20"
"2er WG","Kaiserslautern Kaiserslautern","Carl-Sonnenschein-straße","18","18"
"3er WG","Kaiserslautern Innenstadt","Moltkestraße","16","16"
"1-Zimmer-Wohnung","Kaiserslautern Innenstadt","Schneiderstr.","15","15"
"3er WG","Kaiserslautern Innenstadt","Eisenbahnstraße","18","18"
"3er WG","Kaiserslautern Innenstadt","Moltkestraße","16","16"
"3er WG","Kaiserslautern Innenstadt","Königstraße","14","14"
"1-Zimmer-Wohnung","Kaiserslautern Innenstadt","Gerswilerweg","22","22"
"3er WG","Kaiserslautern Kaiserslautern","Fabrikstraße","16","16"
"4er WG","Kaiserslautern Innenstadt","Glockenstraße","16","16"
"3er WG","Kaiserslautern Innenstadt","Logenstraße","20","20"
"6er WG","Kaiserslautern Innenstadt","Friedrich-Engels-Str.","10","10"
"3er WG","Kaiserslautern Innenstadt","Logenstraße","15","15"
"3er WG","Kaiserslautern Kaiserslautern","Bleichstr.,","22","22"
"3er WG","Kaiserslautern Innenstadt","Häfnerstr.","12","12"
"5er WG","Kaiserslautern Innenstadt","Königstr.","20","20"
"3er WG","Kaiserslautern Innenstadt","Fruchthallstr.","22","22"
"1-Zimmer-Wohnung","Kaiserslautern Innenstadt","Kurt-Schumacher-Straße","25","25"
"1-Zimmer-Wohnung","Kaiserslautern Innenstadt","Wormser Str.","25","25"
"3er WG","Kaiserslautern Innenstadt","Mühlstraße","17","17"
"4er WG","Kaiserslautern Innenstadt","Ottostraße","22","22"
"4er WG","Kaiserslautern Innenstadt","Ottostraße","14","14"
"3er WG","Kaiserslautern Innenstadt","Trippstadter Str.","17","17"
"1-Zimmer-Wohnung","Kaiserslautern Innenstadt","Glockenstraße","38","38"
"3er WG","Kaiserslautern Innenstadt","Pirmasenserstraße","18","18"
"4er WG","Kaiserslautern Innenstadt","Fackelwoogstraße","14","14"
"2er WG","Kaiserslautern Innenstadt","Schützenstraße","14","14"
"2er WG","Kaiserslautern Innenstadt","Mozartstraße","16","16"
"1-Zimmer-Wohnung","Kaiserslautern Innenstadt","Moltkestr.","23","23"
"3er WG","Kaiserslautern Innenstadt","Schneiderstraße","15","15"
"4er WG","Kaiserslautern Innenstadt","Rudolf-Breitscheid-Str.","15","15"
"4er WG","Kaiserslautern Innenstadt","Moltkestrasse","12","12"
"2er WG","Kaiserslautern Uni Wohngebiet","Kurt-Schumacher-Straße","23","23"
"2er WG","Kaiserslautern Innenstadt","Wilhelm-Raabe-Straße","16","16"
"4er WG","Kaiserslautern Innenstadt","Fackelwoogstraße","14","14"
"5er WG","Kaiserslautern Innenstadt","Benzinoring","20","20"
"4er WG","Kaiserslautern Innenstadt","Rudolf-Breitscheid-Straße","25","25"
"3er WG","Kaiserslautern Innenstadt","Fruchthallstraße","14","14"
"4er WG","Kaiserslautern Innenstadt","Fackelwoogstraße","16","16"
"5er WG","Kaiserslautern Innenstadt","Glockenstraße","18","18"
"3er WG","Kaiserslautern Innenstadt","Eisenbahnstraße","16","16"
"1-Zimmer-Wohnung","Kaiserslautern Innenstadt","Theodor-Storm-Str","45","45"
"3er WG","Kaiserslautern Altstadt","Steinstraße","18","18"
"4er WG","Kaiserslautern Nähe Stadtpark","Werkstättestraße","15","15"
"4er WG","Kaiserslautern Innenstadt","Schubertstraße","20","20"
"1-Zimmer-Wohnung","Kaiserslautern Innenstadt","Kurt-Schumacher Str","28","28"
"3er WG","Kaiserslautern Innenstadt","Wilhelmstraße","15","15"
"4er WG","Kaiserslautern Nähe Stadtpark","Werkstättestr.","16","16"
"3er WG","Kaiserslautern Innenstadt","Gaustr.","15","15"
"3er WG","Kaiserslautern Innenstadt","Richard-Wagner-Straße","20","20"
"1-Zimmer-Wohnung","Kaiserslautern Innenstadt","Eisenbahnstr.","23","23"
"3er WG","Kaiserslautern Innenstadt","Karl-Marx-Straße","15","15"
"5er WG","Kaiserslautern Schopp","Hauptstraße","15","15"
"3er WG","Kaiserslautern Westen","Spicherer Str,","17","17"
"5er WG","Kaiserslautern Innenstadt","Glockenstrasse","14","14"
"1-Zimmer-Wohnung","Kaiserslautern Innenstadt","Gersweilerweg,","25","25"
"1-Zimmer-Wohnung","Kaiserslautern Innenstadt","Pfeifertälchen","30","30"
"3er WG","Kaiserslautern Innenstadt","Raiffeisenstrasse","22","22"
"1-Zimmer-Wohnung","Kaiserslautern Innenstadt","Kleestraße","21","21"
"4er WG","Kaiserslautern Innenstadt","Schillerplatz","15","15"
"5er WG","Kaiserslautern Innenstadt","hasenstr","20","20"
"2er WG","Kaiserslautern Innenstadt","Wilhelmstraße","25","25"
"2er WG","Kaiserslautern Uninähe","Gerhart-Hauptmann-Str.","16","16"
"3er WG","Kaiserslautern Innenstadt","Benzinoring","13","13"
"2er WG","Kaiserslautern Morlautern","An der Sommerhalde","17","17"
"3er WG","Kaiserslautern Innenstadt","Beethovenstraße","19","19"
"3er WG","Kaiserslautern Innenstadt","Maxstr.","30","30"
"2er WG","Kaiserslautern Kaiserslautern","An der Emilsruhe","13","13"
"1-Zimmer-Wohnung","Kaiserslautern Kaiserslautern","Forellenstraße","20","20"
"1-Zimmer-Wohnung","Kaiserslautern Uni--Gebiet","Gerhard-Hauptmann-Str.","21","21"
"3er WG","Kaiserslautern Innenstadt","Wilhelmstraße","20","20"
"3er WG","Kaiserslautern Innenstadt","Philipp-Hepp-Straße","20","20"
"2er WG","Kaiserslautern Innenstadt","Bierstr.","14","14"
"3er WG","Kaiserslautern Innenstadt","Am Vogelgesang","20","20"
"4er WG","Kaiserslautern Innenstadt","Lutzerstraße","12","12"
"1-Zimmer-Wohnung","Kaiserslautern Innenstadt","Flurstraße","39","39"
"5er WG","Kaiserslautern Innenstadt","Logenstr.","12","12"
"2er WG","Kaiserslautern Innenstadt","Fabrikstraße","22","22"
"3er WG","Kaiserslautern Innenstadt","Burgstraße","14","14"
"2er WG","Kaiserslautern Innenstadt","Barbarossastraße","20","20"
"3er WG","Kaiserslautern Innenstadt","Maxstr.","16","16"
"3er WG","Kaiserslautern Innenstadt","mühlstrasse","20","20"
"1-Zimmer-Wohnung","Kaiserslautern Innenstadt","Haspelstr.","22","22"
"4er WG","Kaiserslautern Innenstadt","Pariser Straße","16","16"
"4er WG","Kaiserslautern Innenstadt","Pariser Straße","18","18"
"3er WG","Kaiserslautern Innenstadt","Richard-Wagner-Str,","20","20"
"4er WG","Kaiserslautern Innenstadt","Rudolf-Breitscheid-Straße","16","16"
"1-Zimmer-Wohnung","Kaiserslautern Innenstadt","Tannenstr","24","24"
"3er WG","Kaiserslautern Innenstadt","Beethovenstraße","18","18"
"1-Zimmer-Wohnung","Kaiserslautern Kaiserslautern","Gerhart-Hauptmann-Straße","24","24"
"1-Zimmer-Wohnung","Kaiserslautern Innenstadt","Kindergartenstraße","34","34"
"2er WG","Kaiserslautern Innenstadt","Barbarossaring","15","15"
"3er WG","Kaiserslautern Innenstadt","Beethovenstrasse","35","35"
"3er WG","Kaiserslautern Innenstadt","Humboldtstraße","15","15"
"3er WG","Kaiserslautern Innenstadt","Mozartstraße","15","15"
"1-Zimmer-Wohnung","Kaiserslautern Uni-Wohngebiet","Kurt-Schumacher-Str.","20","20"
"6er WG","Kaiserslautern Center","Gersweilerweg","26","26"
"6er WG","Kaiserslautern Innenstadt","Gersweilerweg","24","24"
"1-Zimmer-Wohnung","Kaiserslautern Uni-Wohngebiet / direkte ...","Kurt-Schumacher-Str.","26","26"
"1-Zimmer-Wohnung","Kaiserslautern Innenstadt","Kurt-Schumacher-Straße","34","34"
"5er WG","Kaiserslautern Innenstadt","Friedenstr.","11","11"
"4er WG","Kaiserslautern Innenstadt","Schulstraße","22","22"
"4er WG","Kaiserslautern Innenstadt","Schillerplatz,","14","14"
"4er WG","Kaiserslautern Innenstadt","Werkstättestr","20","20"
"3er WG","Kaiserslautern Innenstadt","Bismarckstraße","14","14"
"4er WG","Kaiserslautern Innenstadt","Rudolf-Breitscheid-Straße","15","15"
"4er WG","Kaiserslautern Innenstadt","Lutzerstraße","12","12"
"2er WG","Kaiserslautern Innenstadt","Fabrikstraße","18","18"
"3er WG","Kaiserslautern Innenstadt","Maxstraße","15","15"
"4er WG","Kaiserslautern Kaiserlautern","Richard-Wagner-S.","16","16"
"4er WG","Kaiserslautern Innenstadt","Wilhelmstraße","23","23"
"1-Zimmer-Wohnung","Kaiserslautern Innenstadt","Bremer Str.","25","25"
"2er WG","Kaiserslautern Innenstadt","Tannenstraße","25","25"
"2er WG","Kaiserslautern Innenstadt","Parkstraße","25","25"
"3er WG","Kaiserslautern Innenstadt","Triftstraße","20","20"
"2er WG","Kaiserslautern Innenstadt","Am Harzhübel","15","15"
"4er WG","Kaiserslautern Innenstadt","Medicusstraße","15","15"
"1-Zimmer-Wohnung","Kaiserslautern Innenstadt","Wormser Str.","25","25"
"4er WG","Kaiserslautern Innenstadt","Fruchthallstr.","25","25"
"1-Zimmer-Wohnung","Kaiserslautern Uniwohngebiet","Am Harzhübel","44","44"
"1-Zimmer-Wohnung","Kaiserslautern Ost","Theodor-Pixis-Str.","36","36"
"4er WG","Kaiserslautern Innenstadt","Karl-Marx-Straße","15","15"
"4er WG","Kaiserslautern Innenstadt","Karl-Marx-Straße","15","15"
"4er WG","Kaiserslautern Innenstadt","Kurt-Schumacher-Str.","16","16"
"3er WG","Kaiserslautern Innenstadt","Richard-Wagner-Str.","18","18"
"3er WG","Kaiserslautern Innenstadt","Richard-Wagner-Str.","18","18"
"4er WG","Kaiserslautern Innenstadt","Karl-Pfaff-Siedlung","10","10"
"3er WG","Kaiserslautern Innenstadt","Carl-Euler Straße","45","45"
"3er WG","Kaiserslautern Innenstadt","Mannheimer Straße","13","13"
"5er WG","Kaiserslautern Innenstadt","Benzinoring","24","24"
"3er WG","Kaiserslautern Kaiserslautern","Pfaffstr.","19","19"
"1-Zimmer-Wohnung","Kaiserslautern Innenstadt","Wilhelm Raabe Street","25","25"
"3er WG","Kaiserslautern Innenstadt","Eisenbahnstraße","15","15"
"3er WG","Kaiserslautern Volkspark","Im Reiserfeld","20","20"
"4er WG","Kaiserslautern Innenstadt","Karl-Pfaff-Siedlung","10","10"
"3er WG","Kaiserslautern Innenstadt","Bierstraße","12","12"
"2er WG","Kaiserslautern Innenstadt","Gasstraße","12","12"
"3er WG","Kaiserslautern Innenstadt","Marktstraße","14","14"
"4er WG","Kaiserslautern Innenstadt","Rudolf-Breitscheid-Strasse","20","20"
"4er WG","Kaiserslautern Innenstadt","Eisenbahnstraße","17","17"
"3er WG","Kaiserslautern Innenstadt","Rosenstraße","13","13"
"4er WG","Kaiserslautern Innenstadt","Parkstraße,","12","12"
"10er WG","Kaiserslautern Innenstadt","Richard-Wagner-Straße","25","25"
"3er WG","Kaiserslautern Innenstadt","Triftstraße.","11","11"
"3er WG","Kaiserslautern Innenstadt","Rudolf-Breitscheid-Straße,","25","25"
"1-Zimmer-Wohnung","Kaiserslautern Innenstadt","Alex-Müller-Straße","21","21"
"4er WG","Kaiserslautern Innenstadt","Eisenbahnstraße","12","12"
"4er WG","Kaiserslautern Innenstadt","Medicusstraße","15","15"
"4er WG","Kaiserslautern Kaiserslautern","Eisenbahnstraße","17","17"
"3er WG","Kaiserslautern Innenstadt","Lämmchesbergstraße","13","13"
"2er WG","Kaiserslautern Uni-Wohnstadt","Kurz-Schumacher-Straße","13","13"
"4er WG","Kaiserslautern Innenstadt","Salzstraße","25","25"
"1-Zimmer-Wohnung","Kaiserslautern Stelzenberg","Hauptstrasse","32","32"
"1-Zimmer-Wohnung","Kaiserslautern Uni-Wohngebiet","Kurt-Schumacher-Str.","33","33"
"2er WG","Kaiserslautern Innenstadt","Haagstrasse","17","17"
"2er WG","Kaiserslautern Kaiserslautern","Stadtmitte","13","13"
"1-Zimmer-Wohnung","Kaiserslautern Innenstadt","Wilhelm-Raabe-Straße","19","19"
"3er WG","Kaiserslautern Innenstadt","Spicherer Str,","17","17"
"1-Zimmer-Wohnung","Kaiserslautern Innenstadt","Jägerstraße","31","31"
"1-Zimmer-Wohnung","Kaiserslautern Innenstadt","Eisenbahnstraße","28","28"
"2er WG","Kaiserslautern Innenstadt","Fabrikstraße","20","20"
"3er WG","Kaiserslautern Innenstadt","Steinstraße","17","17"
"2er WG","Kaiserslautern Innenstadt","Schulstraße","18","18"
"4er WG","Kaiserslautern Kaiserslautern","Marie Juchacz Str.","13","13"
"4er WG","Kaiserslautern Innenstadt","Hasenstraße","17","17"
"4er WG","Kaiserslautern Innenstadt","Fruchthallstraße","24","24"
"3er WG","Kaiserslautern Innenstadt","Moltkestrasse","16","16"
"3er WG","Kaiserslautern Innenstadt","Wilhelmstraße","13","13"
"1-Zimmer-Wohnung","Kaiserslautern Uni-Wohngebiet","Wilhel-Raabe-Str.","23","23"
"3er WG","Kaiserslautern Innenstadt","Beethovenstraße","20","20"
"2er WG","Kaiserslautern Innenstadt","Musterstr","35","35"
"3er WG","Kaiserslautern Innenstadt","Karcherstraße","14","14"
"1-Zimmer-Wohnung","Kaiserslautern Innenstadt","Kohlenhofstrasse","40","40"
"3er WG","Kaiserslautern Innenstadt","Eisenbahnstraße","14","14"
"2er WG","Kaiserslautern Innenstadt","Richard Wagner strasse","18","18"
"3er WG","Kaiserslautern Innenstadt","Pirmasenser Straße","13","13"
"3er WG","Kaiserslautern Innenstadt","Carl Euler Str.","14","14"
"3er WG","Kaiserslautern Innenstadt","Rudolf-Breitscheid-Straße","20","20"
"4er WG","Kaiserslautern Innenstadt","Wilhelmstrasse .","25","25"
"4er WG","Kaiserslautern Innenstadt","Karcherstraße","15","15"
"4er WG","Kaiserslautern Innenstadt","Mannheimerstraße","16","16"
"1-Zimmer-Wohnung","Kaiserslautern Innenstadt","Bremerstraße Hausnummer","25","25"
"3er WG","Kaiserslautern Innenstadt","Richard-Wagner-Str","16","16"
"3er WG","Kaiserslautern Kaiserslautern","Eisenbahnstarße , Oberge...","15","15"
"1-Zimmer-Wohnung","Kaiserslautern Innenstadt","Gottlieb Daimler Straße","24","24"
"2er WG","Kaiserslautern Innenstadt","Schneppbachstraße","20","20"
"4er WG","Kaiserslautern Innenstadt","Rudolf-Breitscheid-Straße","16","16"
"4er WG","Kaiserslautern Fruchthallstrae 23 67655 ...","Fruchthallstraße Kaiser...","23","23"
"3er WG","Kaiserslautern Kaiserslautern","Longenstrasse","21","21"
"4er WG","Kaiserslautern Innenstadt","Hasenstraße","17","17"
"4er WG","Kaiserslautern Innenstadt","Hasenstraße","21","21"
"4er WG","Kaiserslautern Innenstadt","Mannheimerstraße","15","15"
"3er WG","Kaiserslautern Zwischen InnenstadtUni","Balbierstraße","13","13"
"17er WG","Kaiserslautern Innenstadt","Gottlieb-Daimler-Str.","18","18"
"1-Zimmer-Wohnung","Kaiserslautern Universitätsgebiet","Gerhart-Hauptmann-Str.","20","20"
"4er WG","Kaiserslautern Innenstadt","Hackstraße","94","94"
"2er WG","Kaiserslautern Innenstadt","St.-Marien-Platz","16","16"
"2er WG","Kaiserslautern Kaiserslautern","An der Emilsruhe","13","13"
"3er WG","Kaiserslautern Innenstadt","Wilhelmstraße","14","14"
"4er WG","Kaiserslautern Innenstadt","mannheimerstraße,","19","19"
"3er WG","Kaiserslautern Innenstadt","Beethovenstraße","17","17"
"3er WG","Kaiserslautern Innenstadt","Am Vogelgesang","15","15"
"4er WG","Kaiserslautern Innenstadt","Karl-Marxstraße","15","15"
"3er WG","Kaiserslautern Uni-Wohngebiet","Konrad-Adenauer-Straße","15","15"
"3er WG","Kaiserslautern Innenstadt","Medicusstraße","14","14"
"1-Zimmer-Wohnung","Kaiserslautern Uni Wohnstadt","Kurt-Schuhmacher Straße","21","21"
"5er WG","Kaiserslautern Innenstadt","","15","15"
"3er WG","Kaiserslautern Kaiserslautern","Rummelstr.","28","28"
"3er WG","Kaiserslautern Innenstadt","Bismarckstr.","14","14"
"4er WG","Kaiserslautern Innenstadt","Fackelstrasse,","22","22"
"2er WG","Kaiserslautern Innenstadt","Dornenstraße","20","20"
"3er WG","Kaiserslautern Innenstadt","Fruchthallstraße","30","30"
"3er WG","Kaiserslautern Innenstadt","Pirmasenser Str.","17","17"
"3er WG","Kaiserslautern Innenstadt","Pirmasenser Str.","17","17"
"3er WG","Kaiserslautern Innenstadt","Balbierstraße","15","15"
"3er WG","Kaiserslautern Innenstadt","Bismarckstrasse","18","18"
"3er WG","Kaiserslautern Innenstadt","Eisenbahnstraße","17","17"
"3er WG","Kaiserslautern Innenstadt","Tannenstraße","18","18"
"2er WG","Kaiserslautern Innenstadt","Medicustr.","20","20"
"1-Zimmer-Wohnung","Kaiserslautern Uni-Wohngebiet","Kurt-Schumacher-Str.","21","21"
"4er WG","Kaiserslautern Innenstadt","Ottostraße","15","15"
"3er WG","Kaiserslautern Innenstadt","Logenstraße","20","20"
"4er WG","Kaiserslautern Kaiserslautern","Fackelstraße,","26","26"
"1-Zimmer-Wohnung","Kaiserslautern Innenstadt","Eisenbahnstr.","35","35"
"3er WG","Kaiserslautern Lämmchesberg","Hahnenbalz","12","12"
"3er WG","Kaiserslautern Innenstadt","Richard-Wagnerstraße","14","14"
"2er WG","Kaiserslautern Kaiserslautern","Gerhart Hauptmann str","22","22"
"2er WG","Kaiserslautern Innenstadt","Albert Schweitzer Straße","16","16"
"1-Zimmer-Wohnung","Kaiserslautern Innenstadt","Gerhart Hauptmann Str.","20","20"
"2er WG","Kaiserslautern Innenstadt","Hühnestraße","22","22"
"3er WG","Kaiserslautern Innenstadt","Marktraße","20","20"
"6er WG","Kaiserslautern Innenstadt","Königstr.","15","15"
"1-Zimmer-Wohnung","Kaiserslautern Innenstadt","Gerhart-Hauptmann-Str.","25","25"
"3er WG","Kaiserslautern Innenstadt","Balbierstraße","16","16"
"2er WG","Kaiserslautern Innenstadt","Gerhart Hauptmann Strasse","13","13"
"1-Zimmer-Wohnung","Kaiserslautern Hohenecken","Im Haseltal","28","28"
"1-Zimmer-Wohnung","Kaiserslautern Innenstadt","Beethoven str","43","43"
"5er WG","Kaiserslautern Innenstadt","Im Dunkeltälchen","23","23"
"3er WG","Kaiserslautern Innenstadt","Wilhelmstraße","14","14"
"4er WG","Kaiserslautern Innenstadt","Hasenstraße","17","17"
"3er WG","Kaiserslautern Innenstadt","Marktstraße","18","18"
"3er WG","Kaiserslautern Innenstadt","Kammgarnstr.","20","20"
"1-Zimmer-Wohnung","Kaiserslautern Innenstadt","Buchenlochstr.","23","23"
"3er WG","Kaiserslautern Innenstadt","Hasenstraße,","16","16"
"3er WG","Kaiserslautern Innenstadt","Rudolf-Breitscheid-Straße","23","23"
"1-Zimmer-Wohnung","Kaiserslautern Innenstadt","Haspelstr.","21","21"
"1-Zimmer-Wohnung","Kaiserslautern Uniwohngebiet","Kurt-Schumacher-Straße","22","22"
"4er WG","Kaiserslautern Innenstadt","Hasenstraße","17","17"
"3er WG","Kaiserslautern Innenstadt","Rudolf-Breitscheid-Straße","16","16"
"1-Zimmer-Wohnung","Kaiserslautern Uniwohngebiet","Kurt-Schumacher Straße","19","19"
"3er WG","Kaiserslautern Innenstadt","Richard Wagner Straße","14","14"
"1-Zimmer-Wohnung","Kaiserslautern Innenstadt","Eisenbahnstr.","24","24"
"4er WG","Kaiserslautern Innenstadt","Fruchthallstraße","22","22"
"4er WG","Kaiserslautern Innenstadt","Logenstraße","22","22"
"4er WG","Kaiserslautern Innenstadt","Logenstraße","22","22"
"4er WG","Kaiserslautern Kaiserslautern","Fruchthallstraße,","23","23"
"1-Zimmer-Wohnung","Kaiserslautern Uni-Wohnstadt","Kurt-Schumacher Str.,","28","28"
"3er WG","Kaiserslautern Innenstadt","Glockenstraße","20","20"
"1-Zimmer-Wohnung","Kaiserslautern Innenstadt","Kurt-Schumacher-Str.","22","22"
"4er WG","Kaiserslautern Innenstadt","Hasenstraße","18","18"
"1-Zimmer-Wohnung","Kaiserslautern Innenstadt","Buchenlochstrasse","32","32"
"3er WG","Kaiserslautern Kaiserslautern","Rosenstraße,","20","20"
"1-Zimmer-Wohnung","Kaiserslautern Kaiserslautern","Wackenmuhlstrasse","17","17"
"1-Zimmer-Wohnung","Kaiserslautern Lämmchesberg","Kurt-Schuhmacher-Str.","22","22"
"1-Zimmer-Wohnung","Kaiserslautern Innenstadt","Alex-Müller-Straße","26","26"
"3er WG","Kaiserslautern Am Stadtpark","Albertstraße","16","16"
"3er WG","Kaiserslautern Innenstadt","zollamtstrasse","18","18"
"3er WG","Kaiserslautern Innenstadt","zollamtstrasse","16","16"
"3er WG","Kaiserslautern Innenstadt","Zollamstrasse","20","20"
"3er WG","Kaiserslautern Innenstadt","Schützenstraße","15","15"
"1-Zimmer-Wohnung","Kaiserslautern Innenstadt","Forellenstraße","21","21"
"3er WG","Kaiserslautern Innenstadt","Richard-Wagner-Str.","16","16"
"1-Zimmer-Wohnung","Kaiserslautern Innenstadt","Gottlieb-Daimler-Straße","24","24"
"3er WG","Kaiserslautern Innenstadt","Richard-Wagner-Straße","16","16"
"3er WG","Kaiserslautern Innenstadt","Fruchthallstrasse","14","14"
"4er WG","Kaiserslautern Innenstadt","Rudolf Breitscheid Straße","15","15"
"3er WG","Kaiserslautern Innenstadt","Fruchthallstraße","14","14"
"1-Zimmer-Wohnung","Kaiserslautern Uni-Wohnstadt","Kurt-Schumacher-Straße","21","21"
"4er WG","Kaiserslautern Innenstadt","Hasenstraße","18","18"
"4er WG","Kaiserslautern Innenstadt","Kantstraße","15","15"
"4er WG","Kaiserslautern Innenstadt","Fabrikstraße","21","21"
"3er WG","Kaiserslautern Innenstadt","Schützenstraße","25","25"
"3er WG","Kaiserslautern Innenstadt","Altenwoogstr","18","18"
"3er WG","Kaiserslautern Innenstadt","Kindergartenstraße,","22","22"
"4er WG","Kaiserslautern Innenstadt","Mannheimer Straße","15","15"
"1-Zimmer-Wohnung","Kaiserslautern City","Eisenbahnstrasse","24","24"
"3er WG","Kaiserslautern Innenstadt","Logenstr.","20","20"
"1-Zimmer-Wohnung","Kaiserslautern Innenstadt","Birnstr.","40","40"
"1-Zimmer-Wohnung","Kaiserslautern Dansenberg","Kurt-Schumacher-Straße","22","22"
"1-Zimmer-Wohnung","Kaiserslautern Uni-Wohngebiet","Kurt-Schuhmacher-Straße","22","22"
"1-Zimmer-Wohnung","Kaiserslautern Innenstadt","Eisenbahnstr.","25","25"
"3er WG","Kaiserslautern Innenstadt","Frühlingstr.","20","20"
"3er WG","Kaiserslautern Bunter Block","Beethovenstr.","18","18"
"3er WG","Kaiserslautern Innenstadt","Bismarckstraße","14","14"
"6er WG","Kaiserslautern Innenstadt","Friedrich-Engels-Straße","15","15"
"5er WG","Kaiserslautern Innenstadt","Kindergartenstraße","16","16"
"6er WG","Kaiserslautern Innenstadt","Kindergartenstraße","15","15"
"3er WG","Kaiserslautern Richard-Wagnerstrae","Richard-Wagnerstraße","18","18"
"3er WG","Kaiserslautern Innenstadt","Königstraße","14","14"
"3er WG","Kaiserslautern Innenstadt","Eisenbahnstraße","18","18"
"3er WG","Kaiserslautern Innenstadt","Eisenbahnstraße","14","14"
"3er WG","Kaiserslautern Innenstadt","Beethovenstraße","18","18"
"1-Zimmer-Wohnung","Kaiserslautern Rheinland-Pfalz - Kaisers...","Wilhelm- Raabe Straße","19","19"
"4er WG","Kaiserslautern Innenstadt","Salzstr.","20","20"
"2er WG","Kaiserslautern Innenstadt","Damaschkestraße","13","13"
"4er WG","Kaiserslautern Innenstadt","Königstraße","10","10"
"3er WG","Kaiserslautern Innenstadt","Eisenbahnstraße","18","18"
"3er WG","Kaiserslautern Innenstadt","Mühlstraße","17","17"
"4er WG","Kaiserslautern Innenstadt","MoltkeStraße","12","12"
"2er WG","Kaiserslautern Innenstadt","Mannheimerstraße","25","25"
"2er WG","Kaiserslautern Innenstadt","Mühlstraße","18","18"
"2er WG","Kaiserslautern Königstrae","Königstraße","15","15"
"4er WG","Kaiserslautern Innenstadt","Fackelstraße","18","18"
"3er WG","Kaiserslautern Innenstadt","Richard-Wagner-Straße","20","20"
"3er WG","Kaiserslautern Innenstadt","Schillerplatz","20","20"
"3er WG","Kaiserslautern Innenstadt","Marktstraße","20","20"
"4er WG","Kaiserslautern Innenstadt","Fackelstraße","28","28"
"6er WG","Kaiserslautern Innenstadt","Mannheimerstr.","28","28"
"1-Zimmer-Wohnung","Kaiserslautern 67663","Wilhelm-Raabe-Straße","19","19"
"1-Zimmer-Wohnung","Kaiserslautern Innenstadt","Ludwigstrasse","23","23"
"2er WG","Kaiserslautern Innenstadt","An der Emilsruhe","13","13"
"4er WG","Kaiserslautern Innenstadt","Trippstadter Str.","32","32"
"4er WG","Kaiserslautern Innenstadt","Trippstadter Strasse","32","32"
"2er WG","Kaiserslautern Innenstadt","Mühlstraße","20","20"
"3er WG","Kaiserslautern Innenstadt","Medicusstr.","16","16"
"3er WG","Kaiserslautern Innenstadt","Hasenstraße","12","12"
"3er WG","Kaiserslautern Innenstadt","Rudolf-Breitscheid-Straße","16","16"
"1-Zimmer-Wohnung","Kaiserslautern Innenstadt","Bremer Str.","25","25"
"1-Zimmer-Wohnung","Kaiserslautern Innenstadt","Bremer Str.","25","25"
"1-Zimmer-Wohnung","Kaiserslautern Innenstadt","Alex-Müllerstraße","22","22"
"1-Zimmer-Wohnung","Kaiserslautern Innenstadt","Bremer Str.","25","25"
"1-Zimmer-Wohnung","Kaiserslautern Innenstadt","Bremer-Str.","25","25"
"3er WG","Kaiserslautern Innenstadt","Schillerplatz","23","23"
"1-Zimmer-Wohnung","Kaiserslautern Innenstadt","Wackenmühlstraße","15","15"
"2er WG","Kaiserslautern Innenstadt","Salzstraße","17","17"
"3er WG","Kaiserslautern Innenstadt","Rosenstraße","20","20"
"1-Zimmer-Wohnung","Kaiserslautern Kaiserslautern","Wilhelm-Raabe-Str,","21","21"
"3er WG","Kaiserslautern Innenstadt","Medicusstraße","14","14"
"1-Zimmer-Wohnung","Kaiserslautern Innenstadt","Theodor Storm Str.","48","48"
"1-Zimmer-Wohnung","Kaiserslautern Innenstadt","Wilhelm-Raabe-Str.","21","21"
"4er WG","Kaiserslautern Innenstadt","Pariser Straße","16","16"
"4er WG","Kaiserslautern Kaiserslautern","Marktstraße","23","23"
"3er WG","Kaiserslautern Innenstadt","Marie-Juchacz-Str.","23","23"
"3er WG","Kaiserslautern Innenstadt","Alte Brücke","18","18"
"3er WG","Kaiserslautern Innenstadt","Alte Brücke","14","14"
"1-Zimmer-Wohnung","Kaiserslautern Innenstadt","Bremer Str. , App.","25","25"
"3er WG","Kaiserslautern Innenstadt","Frühlingstraße","17","17"
"4er WG","Kaiserslautern Innenstadt","Pariser Straße","18","18"
"5er WG","Kaiserslautern Innenstadt","Friedenstr.,","14","14"
"2er WG","Kaiserslautern Innenstadt","Raabengasse","32","32"
"1-Zimmer-Wohnung","Kaiserslautern Innenstadt","Richard-Wagner-Str.","34","34"
"4er WG","Kaiserslautern Innenstadt","Pariser Straße","12","12"
"3er WG","Kaiserslautern kennelgartnen","Reichwaldstraße","12","12"
"1-Zimmer-Wohnung","Kaiserslautern Moving to KL on 15th March","NA","15","15"
"4er WG","Kaiserslautern Innenstadt","Jägerstrasse","140","140"
"2er WG","Kaiserslautern Innenstadt","Bismarckstraße","23","23"
"3er WG","Kaiserslautern Innenstadt","Gersweilerweg","20","20"
"3er WG","Kaiserslautern Innenstadt","Hochsandstraße","15","15"
"4er WG","Kaiserslautern Innenstadt","Richard-Wagnerstraße","20","20"
"4er WG","Kaiserslautern Innenstadt","Richard-Wagner-Straße","16","16"
"3er WG","Kaiserslautern Innenstadt","Feuerbachstraße","12","12"
"3er WG","Kaiserslautern Innenstadt","Pirmasenser Str.","17","17"
"3er WG","Kaiserslautern Innenstadt","Fruchthallstraße","19","19"
"1-Zimmer-Wohnung","Kaiserslautern Kaiserslautern","Gottlieb Daimler Str.,","21","21"
"3er WG","Kaiserslautern Innenstadt","Papiermühlstraße","18","18"
"3er WG","Kaiserslautern Innenstadt","Albrechtstraße","16","16"
"3er WG","Kaiserslautern Innenstadt","Gaustraße","15","15"
"3er WG","Kaiserslautern Innenstadt","Gaustraße","15","15"
"3er WG","Kaiserslautern Innenstadt","Richard Wagner Straße","30","30"
"1-Zimmer-Wohnung","Kaiserslautern Innenstadt","Bleichstraße","24","24"
"1-Zimmer-Wohnung","Kaiserslautern Innenstadt","Bremerstr","25","25"
"2er WG","Kaiserslautern Innenstadt","Schillerplatz","20","20"
"1-Zimmer-Wohnung","Kaiserslautern Innenstadt","Mozartstraße","23","23"
"3er WG","Kaiserslautern Innenstadt","Schillerplatz","23","23"
"5er WG","Kaiserslautern Lämmchesberg","Pfaffenbergstraße","36","36"
"3er WG","Kaiserslautern Kaiserslautern","Trippstadterstr.","18","18"
"1-Zimmer-Wohnung","Kaiserslautern Univiertel","Gerhart Hauptmann Straße","25","25"
"3er WG","Kaiserslautern Innenstadt","Lauterstraße","23","23"
"3er WG","Kaiserslautern Innenstadt","Kahlenbergstraße","15","15"
"4er WG","Kaiserslautern Innenstadt","Wörthstr.","12","12"
"4er WG","Kaiserslautern Innenstadt","Mannheimer Straße","23","23"
"2er WG","Kaiserslautern Innenstadt","Kurt-Schumacher-Straße","12","12"
"4er WG","Kaiserslautern Innenstadt","Fackelwoogstr","12","12"
"3er WG","Kaiserslautern Innenstadt","Ludwigstraße","16","16"
"4er WG","Kaiserslautern Innenstadt","Logenstr.","21","21"
"4er WG","Kaiserslautern Innenstadt","Richard-Wagner-Straße","14","14"
"3er WG","Kaiserslautern Innenstadt","Lutrinastr.","20","20"
"3er WG","Kaiserslautern Innenstadt","Lutrinastr.","25","25"
"4er WG","Kaiserslautern Innenstadt","Glockenstr","31","31"
"4er WG","Kaiserslautern Innenstadt","Rudolf-Breitscheid-Str.","17","17"
"3er WG","Kaiserslautern Innenstadt","Eisenbahnstraße","17","17"
"2er WG","Kaiserslautern Innenstadt","Pfaffenbergstraße","15","15"
"4er WG","Kaiserslautern Pfaffplatz","Rudolf-Breitscheid-Straße","15","15"
"2er WG","Kaiserslautern Innenstadt","Wollstraße","17","17"
"3er WG","Kaiserslautern Innenstadt","Schützenstraße","14","14"
"4er WG","Kaiserslautern Innenstadt","BalbierStr.","21","21"
"3er WG","Kaiserslautern Innenstadt","Pfaffenbergstr.","29","29"
"2er WG","Kaiserslautern Innenstadt","Kennelstr","20","20"
"4er WG","Kaiserslautern Innenstadt","Schubert-Straße","25","25"
"3er WG","Kaiserslautern Innenstadt","Katharinenstraße","11","11"
"3er WG","Kaiserslautern Innenstadt","Kerststraße","15","15"
"1-Zimmer-Wohnung","Kaiserslautern Hohenecken","Landolfstr","30","30"
"3er WG","Kaiserslautern Lämmchesberg","Hermann-Hesse-Str","11","11"
"3er WG","Kaiserslautern Innenstadt","Glockenstraße","14","14"
"1-Zimmer-Wohnung","Kaiserslautern Innenstadt","Geranienweg","25","25"
"2er WG","Kaiserslautern Innenstadt","Donnersbergstrasse .","20","20"
"1-Zimmer-Wohnung","Kaiserslautern Innenstadt","Meisenweg","20","20"
"5er WG","Kaiserslautern Innenstadt","Parkstraße","14","14"
"4er WG","Kaiserslautern Innenstadt","Karcherstraße","14","14"
"4er WG","Kaiserslautern Innenstadt","Salzstraße","20","20"
"3er WG","Kaiserslautern Innenstadt","Raiffeisen Straße.","16","16"
"1-Zimmer-Wohnung","Kaiserslautern kaiserslautern","fohrenweg","40","40"
"2er WG","Kaiserslautern Innenstadt","Moltkestraße","12","12"
"4er WG","Kaiserslautern Betzenberg","Rousseau Str.","21","21"
"4er WG","Kaiserslautern Innenstadt","Hartmannstr.","15","15"
"4er WG","Kaiserslautern Innenstadt","Fackelstraße","24","24"
"2er WG","Kaiserslautern Innenstadt","Pirmasenser Str.","15","15"
"4er WG","Kaiserslautern Innenstadt","Rudolf-Breitscheid-Straße","13","13"
"4er WG","Kaiserslautern Innenstadt","Wilhelmstr.","21","21"
"3er WG","Kaiserslautern Stadtmitte","Pirmasenser Straße","13","13"
"4er WG","Kaiserslautern Innenstadt","Mannheimer Straße","16","16"
"1-Zimmer-Wohnung","Kaiserslautern Uni-Wohngebiet / direkte ...","Buchenlochstr.","25","25"
"2er WG","Kaiserslautern Innenstadt","Kerststr.","18","18"
"1-Zimmer-Wohnung","Kaiserslautern Sonnenberg","Hussongstraße","15","15"
"1-Zimmer-Wohnung","Kaiserslautern Morlautern","Am Schlosshübel","41","41"
"2er WG","Kaiserslautern Innenstadt","Carlo-Schmid-Straße","30","30"
"2er WG","Kaiserslautern Kaiserslautern","Fohrenweg","35","35"
"1-Zimmer-Wohnung","Kaiserslautern Kaiserslautern","kurt-schumacher-straße","24","24"
"3er WG","Kaiserslautern Innenstadt","Pfaffstraße","19","19"
"4er WG","Kaiserslautern Innenstadt","Schillerplatz","20","20"
"5er WG","Kaiserslautern Innenstadt","Schützenstraße","10","10"
"5er WG","Kaiserslautern Innenstadt","Schützenstraße","16","16"
"5er WG","Kaiserslautern Innenstadt","Schützenstraße","40","40"
"5er WG","Kaiserslautern Innenstadt","Schützenstraße","12","12"
"4er WG","Kaiserslautern Innenstadt","Rudolf-Breitscheid-Str.","13","13"
"3er WG","Kaiserslautern Innenstadt","Friedrich-Engels-Straße","30","30"
"4er WG","Kaiserslautern Innenstadt","Ottostraße","8","8"
"3er WG","Kaiserslautern Innenstadt","Kanalstraße","32","32"
"8er WG","Kaiserslautern Kaiserslautern","Steinstrasse","12","12"
"3er WG","Kaiserslautern Innenstadt","Pfaffstraße","21","21"
"5er WG","Kaiserslautern Innenstadt","Friedenstr.","16","16"
"4er WG","Kaiserslautern Innenstadt","Albertstraße","15","15"
"3er WG","Kaiserslautern Kaiserslautern","Rudolf-Breitscheid-Straße","14","14"
"3er WG","Kaiserslautern Innenstadt","Tannenstraße","12","12"
"2er WG","Kaiserslautern Innenstadt","Eisenbahnstr.","22","22"
"2er WG","Kaiserslautern Innenstadt","Fabrikstraße","22","22"
"3er WG","Kaiserslautern Innenstadt","Pirmasenserstr.","18","18"
"1-Zimmer-Wohnung","Kaiserslautern Innenstadt","Papiermühlstraße","25","25"
"1-Zimmer-Wohnung","Kaiserslautern Innenstadt","Salzstraße","25","25"
"2er WG","Kaiserslautern West","Spicherer Straße","21","21"
"2er WG","Kaiserslautern Innenstadt","Badstraße","15","15"
"3er WG","Kaiserslautern Innenstadt","Pirmasenserstraße","25","25"
"3er WG","Kaiserslautern Innenstadt","Benzinoring","30","30"
"5er WG","Kaiserslautern Hochspeyer","Trippstadter Straße","18","18"
"1-Zimmer-Wohnung","Kaiserslautern Innenstadt","Bermer Str.","25","25"
"1-Zimmer-Wohnung","Kaiserslautern Uni-Wohnstadt","Kurt-Schumacher-Straße","38","38"
"3er WG","Kaiserslautern Innenstadt","Kerststraße","20","20"
"1-Zimmer-Wohnung","Kaiserslautern Innenstadt","Papiermühlstr.","25","25"
"2er WG","Kaiserslautern Innenstadt","Kurtschumacherstr.","16","16"
"2er WG","Kaiserslautern Innenstadt","Parkstr.","12","12"
"5er WG","Kaiserslautern Schopp","Hauptstraße,","15","15"
"3er WG","Kaiserslautern Innenstadt","Carl Euler Straße","16","16"
"3er WG","Kaiserslautern Innenstadt","Moltkestraße","16","16"
"4er WG","Kaiserslautern Innenstadt","Schulstraße","20","20"
"3er WG","Kaiserslautern Innenstadt","Pirmasenser Straße","13","13"
"1-Zimmer-Wohnung","Kaiserslautern Innenstadt","Wilhelm-Raabe-Straße","20","20"
"2er WG","Kaiserslautern Innenstadt Ost","Donnersbergstraße","12","12"
"1-Zimmer-Wohnung","Kaiserslautern Innenstadt","Von-der-Goltz-Straße","40","40"
"4er WG","Kaiserslautern Innenstadt","Logenstraße","14","14"
"3er WG","Kaiserslautern Innenstadt","Fruchthallstraße","20","20"
"3er WG","Kaiserslautern Innenstadt","Badstraße","16","16"
"2er WG","Kaiserslautern Kaisersalutern","Flur strasse","20","20"
"1-Zimmer-Wohnung","Kaiserslautern Innenstadt","Alex-Müller-Straße","35","35"
"1-Zimmer-Wohnung","Kaiserslautern Innenstadt","St. Quentin-Ring","34","34"
"3er WG","Kaiserslautern Kaiserslautern","Rosenstraße,","20","20"
"4er WG","Kaiserslautern Innenstadt","Späthstraße","17","17"
"2er WG","Kaiserslautern Innenstadt","Fabrikstraße","22","22"
"3er WG","Kaiserslautern Innenstadt","Blücherstraße","13","13"
"2er WG","Kaiserslautern Innenstadt","Richard Wagner strasse","18","18"
"3er WG","Kaiserslautern Innenstadt","Richard-Wagner","15","15"
"2er WG","Kaiserslautern Innenstadt","Burgstraße","15","15"
"2er WG","Kaiserslautern Innenstadt","Kennelstraße","20","20"
"3er WG","Kaiserslautern Kaiserslautern","Schillerplatz","22","22"
"1-Zimmer-Wohnung","Kaiserslautern Innenstadt","Wilhelm-raabe-str.","30","30"
"2er WG","Kaiserslautern Münchweiler an der Alsenz","Ackerwiese","20","20"
"5er WG","Kaiserslautern Schopp","Hauptstraße","10","10"
"3er WG","Kaiserslautern Innenstadt","Rudolf-Breitscheid-Str.","23","23"
"2er WG","Kaiserslautern Kaiserslautern","Rudolf-Breitscheid-Str.","18","18"
"2er WG","Kaiserslautern Innenstadt","Richard-Wagner-Str","16","16"
"2er WG","Kaiserslautern Innenstadt","Fabrikstraße","22","22"
"5er WG","Kaiserslautern Innenstadt","Ziegelstraße","18","18"
"2er WG","Kaiserslautern Innenstadt","Fackelstraße","22","22"
"4er WG","Kaiserslautern Innenstadt","Pariser Straße","15","15"
"3er WG","Kaiserslautern Innenstadt","Bismarckstraße","13","13"
"3er WG","Kaiserslautern Innenstadt","Schützenstraße","25","25"
"3er WG","Kaiserslautern Innenstadt","Logenstraße","16","16"
"1-Zimmer-Wohnung","Kaiserslautern Mölschbach","Eulentalstr.","48","48"
"3er WG","Kaiserslautern Innenstadt","Ottostrasse","20","20"
"1-Zimmer-Wohnung","Kaiserslautern Uni Wohngebiet","Kurt Schumacher Str.","32","32"
"3er WG","Kaiserslautern Uni-Wohngebiet","Kurt-Schumacher-Str","13","13"
"3er WG","Kaiserslautern Uni-Wohn-Gebiet","Konrad-Adenauer-Straße","14","14"
"3er WG","Kaiserslautern Innenstadt","Eisenbahnstraße","15","15"
"3er WG","Kaiserslautern Stadt Kaiserslautern","Frühlingstraße","15","15"
"2er WG","Kaiserslautern Lämmchesberg","Casimirring","14","14"
"2er WG","Kaiserslautern Innenstadt","Friedenstr.","16","16"
"2er WG","Kaiserslautern Innenstadt","Friedenstr.","16","16"
"3er WG","Kaiserslautern Innenstadt","Rudolf-Breitscheid-Straße","22","22"
"3er WG","Kaiserslautern Kaiserslautern","Fruchthallstraße","23","23"
"6er WG","Kaiserslautern Innenstadt","Kerststraße","15","15"
"1-Zimmer-Wohnung","Kaiserslautern Innenstadt","Eisenbahnstraße","25","25"
"3er WG","Kaiserslautern Lämmchesberg","Pfaffenbergstr.","16","16"
"1-Zimmer-Wohnung","Kaiserslautern Innenstadt","Bremer Str.","25","25"
"3er WG","Kaiserslautern Innenstadt","Pfaffenbergstr.","20","20"
"1-Zimmer-Wohnung","Kaiserslautern Innenstadt","Bremerstr.","25","25"
"1-Zimmer-Wohnung","Kaiserslautern nahe Universität","Gerhart-Hauptmann-Straße","24","24"
"1-Zimmer-Wohnung","Kaiserslautern Nähe FH/ Uni/Fraunhofer I...","Wilhelm Raabe Str.","20","20"
"1-Zimmer-Wohnung","Kaiserslautern Innenstadt","Wilhelm Raabe Straße","20","20"
"3er WG","Kaiserslautern Innenstadt","Blücherstraße","13","13"
"5er WG","Kaiserslautern Kaiserslautern","Logenstraße","12","12"
"5er WG","Kaiserslautern Innenstadt","Stärkstr.","15","15"
"3er WG","Kaiserslautern Innenstadt","Richard-Wagnerstr.","14","14"
"3er WG","Kaiserslautern Innenstadt","Beethovenstraße","18","18"
"4er WG","Kaiserslautern Innenstadt","Glockenstr","14","14"
"4er WG","Kaiserslautern Eselsfürth","Eselsfürth","27","27"
"4er WG","Kaiserslautern Eselsfürth","Eselsfürth","38","38"
"4er WG","Kaiserslautern Eselsfürth","Eselsfürth","14","14"
"3er WG","Kaiserslautern Innenstadt","Blücherstraße,","16","16"
"2er WG","Kaiserslautern Einsiedlerhof","Kaiserstraße,","25","25"
"4er WG","Kaiserslautern Innenstadt","Werkstättestraße","15","15"
"3er WG","Kaiserslautern Uniwohngebiet","Am Harzhübel","18","18"
"2er WG","Kaiserslautern Innenstadt","Richard-Wagner-Straße","16","16"
"4er WG","Kaiserslautern Innenstadt","Rudolf-Breitscheid-Str.","15","15"
"3er WG","Kaiserslautern Innenstadt","parkstraße","14","14"
"3er WG","Kaiserslautern Innenstadt","Rosenstraße","13","13"
"2er WG","Kaiserslautern Innenstadt","Turnerstr.","14","14"
"1-Zimmer-Wohnung","Kaiserslautern Innenstadt","Tannenstraße","35","35"
"3er WG","Kaiserslautern Innenstadt","Weberstraße","16","16"
"1-Zimmer-Wohnung","Kaiserslautern Kaiserslautern","Carl-Euler-Strasse,","29","29"
"3er WG","Kaiserslautern Uniwohnstadt","Konrad-Adenauer-str.","17","17"
"4er WG","Kaiserslautern Innenstadt","Mannheimer Str.","16","16"
"3er WG","Kaiserslautern Innenstadt","Mainzerstraße","13","13"
"3er WG","Kaiserslautern Innenstadt","Rudolf-Breitscheid-Straße","23","23"
"2er WG","Kaiserslautern Innenstadt","Gerhart-Hauptmann-Straße","16","16"
"3er WG","Kaiserslautern Innenstadt","Pariser Straße","18","18"
